Name,Population,Yearly_Change,Net_Change,Density,Land_Area,Median_Age,Urban_Pop
India,"1,476,625,576",0.87%,"12,760,051",497,"2,973,190",29.2,37.6%
China,"1,412,914,089",−0.22%,"−3,182,005",150,"9,388,211",40.6,68.7%
United States,"349,035,494",0.51%,"1,759,687",38,"9,147,420",38.7,83.1%
Indonesia,"287,886,782",0.76%,"2,165,546",159,"1,811,570",30.7,60.3%
Pakistan,"259,299,791",1.6%,"4,080,237",336,"770,880",20.8,34.7%
Nigeria,"242,431,832",2.06%,"4,904,050",266,"910,770",18.3,55.8%
Brazil,"213,562,666",0.35%,"750,261",26,"8,358,140",35.3,91.7%
Bangladesh,"177,818,044",1.21%,"2,131,145","1,366","130,170",26.3,43.2%
Russia,"143,394,458",−0.42%,"−602,935",9,"16,376,870",40.7,75.4%
Ethiopia,"138,902,185",2.53%,"3,430,134",139,"1,000,000",19.3,22.9%
Mexico,"132,997,658",0.8%,"1,050,758",68,"1,943,950",30,88.3%
Japan,"122,427,731",−0.55%,"−675,748",336,"364,555",50.2,93.4%
Egypt,"120,101,175",1.47%,"1,735,180",121,"995,450",24.7,41.1%
Philippines,"117,724,471",0.8%,"937,509",395,"298,170",26.6,49.9%
DR Congo,"116,452,162",3.21%,"3,619,689",51,"2,267,050",15.9,45.4%
Vietnam,"102,177,431",0.57%,"578,904",330,"310,070",33.9,42.2%
Iran,"93,168,497",0.81%,"750,816",57,"1,628,550",34.5,73.5%
Turkey,"87,926,082",0.27%,"240,656",114,"769,630",33.9,77.5%
Germany,"83,644,258",−0.51%,"−430,817",240,"348,560",45.7,77%
Tanzania,"72,563,780",2.86%,"2,017,915",82,"885,800",17.6,40.8%
Thailand,"71,559,614",−0.08%,"−60,249",140,"510,890",41,54.3%
United Kingdom,"69,931,528",0.55%,"380,196",289,"241,930",40.2,84.7%
France,"66,746,401",0.14%,"95,597",122,"547,557",42.5,83%
South Africa,"65,453,084",1.09%,"705,765",54,"1,213,090",28.9,66.9%
Italy,"58,926,166",−0.37%,"−220,094",200,"294,140",48.6,72.4%
Kenya,"58,636,412",1.92%,"1,103,919",103,"569,140",20.3,32.6%
Myanmar,"55,184,819",0.61%,"334,171",84,"653,290",30.4,34.6%
Colombia,"53,936,226",0.96%,"510,591",49,"1,109,500",33,80.5%
Sudan,"53,282,719",3.14%,"1,620,572",30,"1,765,048",18.8,35.4%
Uganda,"52,761,469",2.68%,"1,376,575",264,"199,810",17.1,30.8%
South Korea,"51,600,388",−0.13%,"−66,641",531,"97,230",46.2,82.8%
Algeria,"48,028,334",1.25%,"593,022",20,"2,381,740",28.8,74.8%
Iraq,"48,007,437",2.1%,"986,663",111,"434,320",21.1,73%
Spain,"47,850,793",−0.08%,"−39,165",96,"498,800",46.3,79.6%
Argentina,"46,003,734",0.33%,"152,356",17,"2,736,690",33.3,96.5%
Afghanistan,"45,047,069",2.74%,"1,202,958",69,"652,860",17.4,26.9%
Yemen,"42,961,653",2.84%,"1,187,775",81,"527,970",18.5,33.3%
Canada,"40,467,728",0.85%,"341,005",4,"9,093,510",40.8,80.2%
Angola,"40,215,179",3.01%,"1,175,140",32,"1,246,700",16.7,69.4%
Ukraine,"39,535,849",1.43%,"555,473",68,"579,320",41.8,75.5%
Morocco,"38,762,441",0.86%,"331,671",87,"446,300",30.1,67.9%
Poland,"37,843,188",−0.78%,"−297,722",124,"306,230",43,59.7%
Uzbekistan,"37,724,223",1.81%,"670,795",89,"425,400",27,47.9%
Mozambique,"36,639,851",2.83%,"1,008,198",47,"786,380",16.6,42.1%
Malaysia,"36,385,115",1.13%,"407,277",111,"328,550",31.4,77.8%
Ghana,"35,697,557",1.81%,"633,285",157,"227,540",21.6,59.2%
Saudi Arabia,"35,165,787",1.73%,"599,459",16,"2,149,690",29.7,91.9%
Peru,"34,922,148",1%,"345,483",27,"1,280,000",30.6,80.9%
Madagascar,"33,522,052",2.39%,"781,374",58,"581,795",19.4,41%
Côte d'Ivoire,"33,494,346",2.39%,"782,799",105,"318,000",18.5,49.5%
Cameroon,"30,640,817",2.55%,"761,480",65,"472,710",18.2,59.8%
Nepal,"29,629,410",0.04%,"11,292",207,"143,350",25.7,25.3%
Niger,"28,814,878",3.21%,"897,047",23,"1,266,700",15.7,18.5%
Venezuela,"28,633,711",0.41%,"116,815",32,"882,050",29.5,–
Australia,"27,227,096",0.94%,"253,070",4,"7,682,300",38.5,86.7%
North Korea,"26,633,691",0.24%,"62,655",221,"120,410",36.8,63.7%
Syria,"26,472,497",3.33%,"852,070",144,"183,630",23.8,54.2%
Mali,"25,932,275",2.91%,"733,454",21,"1,220,190",15.9,45.1%
Burkina Faso,"24,601,700",2.19%,"527,120",90,"273,600",18,34.5%
Sri Lanka,"23,348,315",0.51%,"118,845",372,"62,710",33.6,18.2%
Taiwan,"23,011,292",−0.44%,"−101,501",650,"35,410",45.4,84.9%
Malawi,"22,785,535",2.56%,"569,415",242,"94,280",18.4,20.2%
Zambia,"22,521,915",2.77%,"608,041",30,"743,390",18.2,47.4%
Chad,"21,560,380",2.65%,"556,675",17,"1,259,200",15.7,22.7%
Kazakhstan,"21,083,626",1.15%,"239,872",8,"2,699,700",29.7,55.2%
Somalia,"20,305,907",3.31%,"651,168",32,"627,340",15.6,47.1%
Chile,"19,945,850",0.43%,"85,929",27,"743,532",37.4,85.1%
Senegal,"19,366,548",2.3%,"434,582",101,"192,530",19.8,53%
Guatemala,"18,967,978",1.5%,"280,097",177,"107,160",23.8,57.1%
Romania,"18,800,605",−0.57%,"−108,045",82,"230,170",43.5,55.5%
Netherlands,"18,448,775",0.56%,"101,956",547,"33,720",41.5,88.9%
Ecuador,"18,444,506",0.85%,"154,610",74,"248,360",29.7,66.4%
Cambodia,"18,051,219",1.14%,"203,237",102,"176,520",26.4,26.9%
Zimbabwe,"17,273,580",1.9%,"322,785",45,"386,850",18.3,38.2%
Guinea,"15,441,993",2.27%,"342,266",63,"245,720",18.5,40.9%
Benin,"15,170,419",2.4%,"355,959",135,"112,760",18.2,48.4%
Rwanda,"14,889,693",2.2%,"320,352",604,"24,670",20.2,18.5%
Burundi,"14,729,157",2.36%,"339,154",574,"25,680",16.6,15.4%
Bolivia,"12,749,291",1.33%,"167,448",12,"1,083,300",25.5,71%
South Sudan,"12,436,037",2.03%,"247,249",20,"610,952",19,28.3%
Tunisia,"12,415,138",0.54%,"66,565",80,"155,360",33.4,72.2%
Haiti,"12,037,506",1.1%,"131,411",437,"27,560",24.3,62.4%
Belgium,"11,774,642",0.14%,"16,039",389,"30,280",42.1,99%
Dominican Republic,"11,609,500",0.77%,"89,013",240,"48,320",28.7,86.9%
Jordan,"11,589,532",0.6%,"68,848",131,"88,780",24.9,85.4%
United Arab Emirates,"11,574,682",2.02%,"228,682",138,"83,600",31.6,80.7%
Honduras,"11,184,760",1.63%,"178,910",100,"111,890",24.6,58.8%
Tajikistan,"10,978,599",1.78%,"191,865",78,"139,960",22.4,28%
Papua New Guinea,"10,947,848",1.72%,"185,031",24,"452,860",23,12.7%
Cuba,"10,892,659",−0.41%,"−44,544",102,"106,440",42.5,82.4%
Sweden,"10,701,047",0.42%,"44,414",26,"410,340",40.4,87.7%
Czech Republic (Czechia),"10,527,781",−0.77%,"−81,458",136,"77,240",44.3,75.7%
Azerbaijan,"10,454,855",0.55%,"57,142",126,"82,658",34.1,59.1%
Portugal,"10,395,362",−0.16%,"−16,472",113,"91,590",47.2,66.9%
Togo,"9,930,918",2.15%,"209,310",183,"54,390",19.2,44.8%
Greece,"9,897,115",−0.42%,"−41,729",77,"128,900",47.1,90%
Israel,"9,647,689",1.37%,"130,508",446,"21,640",29.3,91.5%
Hungary,"9,585,818",−0.48%,"−46,469",106,"90,530",44.2,72.4%
Austria,"9,107,266",−0.07%,"−6,308",111,"82,409",43.9,59%
Switzerland,"9,007,798",0.45%,"40,391",228,"39,516",43.2,74.6%
Sierra Leone,"8,996,745",2.01%,"176,951",125,"72,180",19.9,46%
Belarus,"8,937,018",−0.67%,"−60,585",44,"202,910",41.8,85.1%
Laos,"7,974,017",1.28%,"100,971",35,"230,800",25.3,38.9%
Turkmenistan,"7,736,632",1.55%,"117,785",16,"469,930",27.3,46.7%
Libya,"7,539,851",1.09%,"81,296",4,"1,759,540",28,77.7%
Kyrgyzstan,"7,400,465",1.45%,"105,431",39,"191,800",25.5,35.5%
Hong Kong,"7,378,602",−0.24%,"−17,474","7,027","1,050",47.9,–
Nicaragua,"7,097,329",1.28%,"89,827",59,"120,340",26.3,58.2%
Paraguay,"7,095,279",1.17%,"82,201",18,"397,300",27.3,68.3%
Bulgaria,"6,667,659",−0.7%,"−46,901",61,"108,560",45,77.4%
Serbia,"6,641,964",−0.7%,"−47,075",76,"87,460",44.7,74.2%
Congo,"6,637,785",2.36%,"153,348",19,"341,500",18.7,70.3%
El Salvador,"6,391,253",0.4%,"25,750",308,"20,720",28.4,80.5%
Denmark,"6,023,520",0.35%,"21,013",142,"42,430",41.3,87.6%
Singapore,"5,905,748",0.6%,"34,998","8,437",700,36.8,–
Lebanon,"5,897,467",0.82%,"48,046",576,"10,230",29,84.4%
Liberia,"5,853,949",2.14%,"122,743",61,"96,320",19,55.7%
Central African Republic,"5,698,984",3.37%,"185,702",9,"622,980",14.6,44.5%
State of Palestine,"5,692,790",1.85%,"103,167",946,"6,020",20.3,85%
Oman,"5,671,458",3.22%,"176,767",18,"309,500",29.8,89.6%
Norway,"5,652,989",0.53%,"29,918",15,"365,268",40.1,86.5%
Finland,"5,621,739",−0.03%,"−1,590",18,"303,890",43.4,87.1%
Mauritania,"5,461,319",2.75%,"146,254",5,"1,030,700",17.5,60.9%
Slovakia,"5,451,342",−0.43%,"−23,539",113,"48,088",42.8,54.3%
Ireland,"5,356,950",0.92%,"48,911",78,"68,890",39.2,62.2%
New Zealand,"5,287,479",0.68%,"35,580",20,"263,310",38,83.7%
Costa Rica,"5,174,789",0.42%,"21,839",101,"51,060",35.7,85.9%
Kuwait,"5,102,773",1.53%,"76,695",286,"17,820",34.8,91.3%
Panama,"4,625,718",1.19%,"54,529",62,"74,340",30.6,71.1%
Croatia,"3,822,345",−0.67%,"−25,815",68,"55,960",45.5,62.2%
Georgia,"3,804,642",−0.05%,"−2,029",55,"69,490",37.6,62.2%
Eritrea,"3,682,669",2.1%,"75,666",36,"101,000",19.5,75.9%
Mongolia,"3,556,798",1.13%,"39,698",2,"1,553,560",27,67.3%
Uruguay,"3,382,537",−0.06%,"−2,151",19,"175,020",36.7,–
Puerto Rico,"3,222,688",−0.39%,"−12,601",363,"8,870",46.2,–
Qatar,"3,173,559",1.85%,"57,670",273,"11,610",33.4,96.2%
Namibia,"3,153,246",1.95%,"60,430",4,"823,290",21.5,55.2%
Bosnia and Herzegovina,"3,114,242",−0.82%,"−25,853",61,"51,000",46.1,57.1%
Moldova,"2,961,253",−1.16%,"−34,853",90,"32,850",39.1,58.5%
Armenia,"2,930,915",−0.73%,"−21,450",103,"28,470",37.2,64.4%
Gambia,"2,884,079",2.2%,"61,986",285,"10,120",18.8,62.2%
Jamaica,"2,833,403",−0.13%,"−3,674",262,"10,830",33.3,60.7%
Lithuania,"2,797,338",−1.16%,"−32,806",45,"62,674",42.6,68.9%
Albania,"2,751,025",−0.74%,"−20,483",100,"27,400",37.8,71.6%
Gabon,"2,647,399",2.09%,"54,269",10,"257,670",21.6,83.8%
Botswana,"2,603,388",1.61%,"41,266",5,"566,730",23.7,76.1%
Lesotho,"2,389,336",1.1%,"26,011",79,"30,360",22.1,33.3%
Guinea-Bissau,"2,297,808",2.15%,"48,293",82,"28,120",19.6,46.6%
Slovenia,"2,114,573",−0.12%,"−2,499",105,"20,140",45,56.1%
Equatorial Guinea,"1,984,468",2.37%,"46,037",71,"28,050",20.9,64.2%
Latvia,"1,835,935",−0.95%,"−17,624",30,"62,200",43.8,67.7%
North Macedonia,"1,804,063",−0.54%,"−9,728",72,"25,220",41.4,70.3%
Bahrain,"1,675,572",1.96%,"32,240","2,205",760,33.4,–
Trinidad and Tobago,"1,513,268",0.14%,"2,113",295,"5,130",38.2,49.1%
Timor-Leste,"1,436,923",1.3%,"18,406",97,"14,870",22.1,36.7%
Cyprus,"1,382,334",0.84%,"11,580",150,"9,240",39.1,61.1%
Estonia,"1,331,062",−0.98%,"−13,170",31,"42,390",43.2,67.5%
Eswatini,"1,269,859",1.09%,"13,685",74,"17,200",22.7,31.7%
Mauritius,"1,265,059",−0.25%,"−3,221",623,"2,030",38.3,41.8%
Djibouti,"1,199,459",1.3%,"15,383",52,"23,180",25.2,71.4%
Fiji,"937,282",0.44%,"4,128",51,"18,270",28.3,61.3%
Comoros,"899,010",1.83%,"16,163",483,"1,861",20.7,34%
Réunion,"886,298",0.44%,"3,893",355,"2,500",38.4,–
Solomon Islands,"858,288",2.34%,"19,643",31,"27,990",20.9,23%
Guyana,"840,890",0.59%,"4,904",4,"196,850",26.5,26.8%
Bhutan,"802,214",0.69%,"5,532",21,"38,117",31,51.1%
Macao,"723,188",0.16%,"1,181","24,106",30,40.3,98.3%
Luxembourg,"687,448",1.03%,"6,995",265,"2,590",39.7,87.4%
Suriname,"645,256",0.84%,"5,406",4,"156,000",28.9,62.4%
Montenegro,"626,233",−1.03%,"−6,496",47,"13,450",40.4,69.7%
Western Sahara,"610,813",1.65%,"9,909",2,"266,000",32.8,97.6%
Malta,"549,011",0.66%,"3,606","1,716",320,41.5,76.2%
Maldives,"531,517",0.35%,"1,841","1,772",300,33.4,40.3%
Cabo Verde,"529,630",0.44%,"2,304",131,"4,030",29.5,79.6%
Brunei,"469,775",0.74%,"3,445",89,"5,270",33.2,80.6%
Belize,"428,644",1.35%,"5,720",19,"22,810",27.3,49%
Bahamas,"404,628",0.4%,"1,595",40,"10,010",35.7,88.9%
Iceland,"402,329",1.02%,"4,063",4,"100,250",36.6,83.7%
Guadeloupe,"372,453",−0.36%,"−1,338",220,"1,690",47.4,–
Mayotte,"347,536",3.12%,"10,525",927,375,17.3,41.1%
Vanuatu,"342,564",2.21%,"7,395",28,"12,190",20.3,25.5%
Martinique,"337,711",−0.8%,"−2,728",319,"1,060",50.2,–
French Guiana,"318,872",1.66%,"5,206",4,"82,200",24.9,95.2%
New Caledonia,"297,892",0.87%,"2,559",16,"18,280",34.8,76.3%
French Polynesia,"283,076",0.22%,611,77,"3,660",36.7,66.3%
Barbados,"282,724",0.04%,101,657,430,39.7,32.7%
Sao Tome & Principe,"244,994",1.97%,"4,740",255,960,19.7,78.9%
Samoa,"220,528",0.56%,"1,222",78,"2,830",19.8,16.3%
Curaçao,"185,440",−0.03%,−47,418,444,39,81.2%
Saint Lucia,"180,488",0.19%,339,296,610,35.1,20.1%
Guam,"170,185",0.7%,"1,186",315,540,31.6,98.9%
Kiribati,"138,445",1.43%,"1,957",171,810,23,57.9%
Seychelles,"134,959",1.64%,"2,180",293,460,34.6,43.4%
Grenada,"117,362",0.05%,59,345,340,34.9,35.8%
Micronesia,"114,183",0.44%,500,163,700,23.5,23.8%
Aruba,"108,164",0.02%,17,601,180,41.7,45.1%
Tonga,"103,291",−0.43%,−451,143,720,21,26.4%
St. Vincent & Grenadines,"99,245",−0.68%,−679,254,390,34.7,62.6%
Antigua and Barbuda,"94,626",0.44%,417,215,440,36.7,28.6%
Isle of Man,"84,055",−0.07%,−63,147,570,46.3,57.3%
Andorra,"83,753",1.02%,849,178,470,44.2,81.6%
U.S. Virgin Islands,"83,400",−0.88%,−738,238,350,44.9,–
Cayman Islands,"77,196",1.78%,"1,352",322,240,39.1,88.5%
Dominica,"65,511",−0.55%,−360,87,750,36.6,85.6%
Bermuda,"64,459",−0.15%,−96,"1,289",50,46.4,93%
Faeroe Islands,"56,526",0.94%,524,40,"1,396",37.1,39.5%
Greenland,"55,629",−0.21%,−116,0,"410,450",35.5,91.2%
Turks and Caicos,"47,148",0.63%,293,50,950,39.6,80%
Saint Kitts & Nevis,"46,992",0.15%,70,181,260,36.5,39.8%
American Samoa,"45,319",−1.54%,−710,227,200,29.1,–
Sint Maarten,"44,447",1.19%,524,"1,307",34,42,99.6%
Northern Mariana Islands,"42,914",−1.44%,−627,93,460,38.8,–
Gibraltar,"40,867",1.85%,741,"4,087",10,38.8,87.1%
Liechtenstein,"40,368",0.6%,240,252,160,44.7,14.8%
British Virgin Islands,"39,936",0.51%,204,266,150,39.1,43.9%
Monaco,"38,087",−0.66%,−254,"25,562",1,53.1,–
Marshall Islands,"35,075",−3.33%,"−1,207",195,180,20.5,–
San Marino,"33,605",0.1%,33,560,60,49.1,–
Caribbean Netherlands,"31,913",1.83%,575,97,328,39.7,64.9%
Saint Martin,"23,898",−4.18%,"−1,043",451,53,43.9,–
Palau,"17,614",−0.28%,−49,38,460,38.9,–
Anguilla,"14,817",0.6%,89,165,90,39.1,–
Cook Islands,"12,826",−3.29%,−437,53,240,38.1,–
Nauru,"12,101",0.63%,76,605,20,20.2,93.8%
Saint Barthelemy,"11,550",1.19%,136,550,21,39.1,–
Wallis & Futuna,"11,113",−0.72%,−81,79,140,38.6,–
Tuvalu,"9,362",−1.37%,−130,312,30,24.1,89%
Saint Pierre & Miquelon,"5,513",−1.09%,−61,24,230,47.6,–
Saint Helena,"5,147",−0.96%,−50,13,390,51,34.1%
Montserrat,"4,328",−0.71%,−31,43,100,41.8,11.7%
Falkland Islands,"3,465",−0.12%,−4,0,"12,170",43.4,68.4%
Tokelau,"2,691",3.18%,83,269,10,27.6,–
Niue,"1,822",0.05%,1,7,260,35.1,45.2%
Holy See,506,1%,5,"1,265",0,56.2,–
